INSERT INTO UMS_WORLD( world_id, country_id, official ) VALUES( 1, 0, NULL );
INSERT INTO UMS_WORLD( world_id, country_id, official ) VALUES( 1, 1, NULL );
INSERT INTO UMS_WORLD( world_id, country_id, official ) VALUES( 1, 2, NULL );
INSERT INTO UMS_WORLD( world_id, country_id, official ) VALUES( 1, 3, NULL );
INSERT INTO UMS_WORLD( world_id, country_id, official ) VALUES( 1, 4, NULL );
INSERT INTO UMS_WORLD( world_id, country_id, official ) VALUES( 2, 0, NULL );
INSERT INTO UMS_WORLD( world_id, country_id, official ) VALUES( 2, 1, NULL );
INSERT INTO UMS_WORLD( world_id, country_id, official ) VALUES( 2, 2, NULL );
INSERT INTO UMS_WORLD( world_id, country_id, official ) VALUES( 2, 3, NULL );
INSERT INTO UMS_WORLD( world_id, country_id, official ) VALUES( 2, 4, NULL );
INSERT INTO UMS_WORLD( world_id, country_id, official ) VALUES( 3, 0, NULL );
INSERT INTO UMS_WORLD( world_id, country_id, official ) VALUES( 3, 1, NULL );
INSERT INTO UMS_WORLD( world_id, country_id, official ) VALUES( 3, 2, NULL );
INSERT INTO UMS_WORLD( world_id, country_id, official ) VALUES( 3, 3, NULL );
INSERT INTO UMS_WORLD( world_id, country_id, official ) VALUES( 3, 4, NULL );
INSERT INTO UMS_WORLD( world_id, country_id, official ) VALUES( 4, 0, NULL );
INSERT INTO UMS_WORLD( world_id, country_id, official ) VALUES( 4, 1, NULL );
INSERT INTO UMS_WORLD( world_id, country_id, official ) VALUES( 4, 2, NULL );
INSERT INTO UMS_WORLD( world_id, country_id, official ) VALUES( 4, 3, NULL );
INSERT INTO UMS_WORLD( world_id, country_id, official ) VALUES( 4, 4, NULL );
INSERT INTO UMS_WORLDSTATUS( world_id ) VALUES( 1 );
INSERT INTO UMS_WORLDSTATUS( world_id ) VALUES( 2 );
INSERT INTO UMS_WORLDSTATUS( world_id ) VALUES( 3 );
INSERT INTO UMS_WORLDSTATUS( world_id ) VALUES( 4 );
INSERT INTO UMS_WORLDWAR( world_id ) VALUES( 1 );
INSERT INTO UMS_WORLDWAR( world_id ) VALUES( 2 );
INSERT INTO UMS_WORLDWAR( world_id ) VALUES( 3 );
INSERT INTO UMS_WORLDWAR( world_id ) VALUES( 4 );
INSERT INTO UMS_WORLDCHAR( world_id, rank, metier ) VALUES( 1, 0, 1 );
INSERT INTO UMS_WORLDCHAR( world_id, rank, metier ) VALUES( 1, 1, 1 );
INSERT INTO UMS_WORLDCHAR( world_id, rank, metier ) VALUES( 1, 2, 1 );
INSERT INTO UMS_WORLDCHAR( world_id, rank, metier ) VALUES( 1, 0, 2 );
INSERT INTO UMS_WORLDCHAR( world_id, rank, metier ) VALUES( 1, 1, 2 );
INSERT INTO UMS_WORLDCHAR( world_id, rank, metier ) VALUES( 1, 2, 2 );
INSERT INTO UMS_WORLDCHAR( world_id, rank, metier ) VALUES( 1, 0, 3 );
INSERT INTO UMS_WORLDCHAR( world_id, rank, metier ) VALUES( 1, 1, 3 );
INSERT INTO UMS_WORLDCHAR( world_id, rank, metier ) VALUES( 1, 2, 3 );
INSERT INTO UMS_WORLDCHAR( world_id, rank, metier ) VALUES( 1, 0, 4 );
INSERT INTO UMS_WORLDCHAR( world_id, rank, metier ) VALUES( 1, 1, 4 );
INSERT INTO UMS_WORLDCHAR( world_id, rank, metier ) VALUES( 1, 2, 4 );
INSERT INTO UMS_WORLDCHAR( world_id, rank, metier ) VALUES( 1, 0, 5 );
INSERT INTO UMS_WORLDCHAR( world_id, rank, metier ) VALUES( 1, 1, 5 );
INSERT INTO UMS_WORLDCHAR( world_id, rank, metier ) VALUES( 1, 2, 5 );
INSERT INTO UMS_WORLDCHAR( world_id, rank, metier ) VALUES( 1, 0, 6 );
INSERT INTO UMS_WORLDCHAR( world_id, rank, metier ) VALUES( 1, 1, 6 );
INSERT INTO UMS_WORLDCHAR( world_id, rank, metier ) VALUES( 1, 2, 6 );
INSERT INTO UMS_WORLDCHAR( world_id, rank, metier ) VALUES( 2, 0, 1 );
INSERT INTO UMS_WORLDCHAR( world_id, rank, metier ) VALUES( 2, 1, 1 );
INSERT INTO UMS_WORLDCHAR( world_id, rank, metier ) VALUES( 2, 2, 1 );
INSERT INTO UMS_WORLDCHAR( world_id, rank, metier ) VALUES( 2, 0, 2 );
INSERT INTO UMS_WORLDCHAR( world_id, rank, metier ) VALUES( 2, 1, 2 );
INSERT INTO UMS_WORLDCHAR( world_id, rank, metier ) VALUES( 2, 2, 2 );
INSERT INTO UMS_WORLDCHAR( world_id, rank, metier ) VALUES( 2, 0, 3 );
INSERT INTO UMS_WORLDCHAR( world_id, rank, metier ) VALUES( 2, 1, 3 );
INSERT INTO UMS_WORLDCHAR( world_id, rank, metier ) VALUES( 2, 2, 3 );
INSERT INTO UMS_WORLDCHAR( world_id, rank, metier ) VALUES( 2, 0, 4 );
INSERT INTO UMS_WORLDCHAR( world_id, rank, metier ) VALUES( 2, 1, 4 );
INSERT INTO UMS_WORLDCHAR( world_id, rank, metier ) VALUES( 2, 2, 4 );
INSERT INTO UMS_WORLDCHAR( world_id, rank, metier ) VALUES( 2, 0, 5 );
INSERT INTO UMS_WORLDCHAR( world_id, rank, metier ) VALUES( 2, 1, 5 );
INSERT INTO UMS_WORLDCHAR( world_id, rank, metier ) VALUES( 2, 2, 5 );
INSERT INTO UMS_WORLDCHAR( world_id, rank, metier ) VALUES( 2, 0, 6 );
INSERT INTO UMS_WORLDCHAR( world_id, rank, metier ) VALUES( 2, 1, 6 );
INSERT INTO UMS_WORLDCHAR( world_id, rank, metier ) VALUES( 2, 2, 6 );
INSERT INTO UMS_WORLDCHAR( world_id, rank, metier ) VALUES( 3, 0, 1 );
INSERT INTO UMS_WORLDCHAR( world_id, rank, metier ) VALUES( 3, 1, 1 );
INSERT INTO UMS_WORLDCHAR( world_id, rank, metier ) VALUES( 3, 2, 1 );
INSERT INTO UMS_WORLDCHAR( world_id, rank, metier ) VALUES( 3, 0, 2 );
INSERT INTO UMS_WORLDCHAR( world_id, rank, metier ) VALUES( 3, 1, 2 );
INSERT INTO UMS_WORLDCHAR( world_id, rank, metier ) VALUES( 3, 2, 2 );
INSERT INTO UMS_WORLDCHAR( world_id, rank, metier ) VALUES( 3, 0, 3 );
INSERT INTO UMS_WORLDCHAR( world_id, rank, metier ) VALUES( 3, 1, 3 );
INSERT INTO UMS_WORLDCHAR( world_id, rank, metier ) VALUES( 3, 2, 3 );
INSERT INTO UMS_WORLDCHAR( world_id, rank, metier ) VALUES( 3, 0, 4 );
INSERT INTO UMS_WORLDCHAR( world_id, rank, metier ) VALUES( 3, 1, 4 );
INSERT INTO UMS_WORLDCHAR( world_id, rank, metier ) VALUES( 3, 2, 4 );
INSERT INTO UMS_WORLDCHAR( world_id, rank, metier ) VALUES( 3, 0, 5 );
INSERT INTO UMS_WORLDCHAR( world_id, rank, metier ) VALUES( 3, 1, 5 );
INSERT INTO UMS_WORLDCHAR( world_id, rank, metier ) VALUES( 3, 2, 5 );
INSERT INTO UMS_WORLDCHAR( world_id, rank, metier ) VALUES( 3, 0, 6 );
INSERT INTO UMS_WORLDCHAR( world_id, rank, metier ) VALUES( 3, 1, 6 );
INSERT INTO UMS_WORLDCHAR( world_id, rank, metier ) VALUES( 3, 2, 6 );
INSERT INTO UMS_WORLDCHAR( world_id, rank, metier ) VALUES( 4, 0, 1 );
INSERT INTO UMS_WORLDCHAR( world_id, rank, metier ) VALUES( 4, 1, 1 );
INSERT INTO UMS_WORLDCHAR( world_id, rank, metier ) VALUES( 4, 2, 1 );
INSERT INTO UMS_WORLDCHAR( world_id, rank, metier ) VALUES( 4, 0, 2 );
INSERT INTO UMS_WORLDCHAR( world_id, rank, metier ) VALUES( 4, 1, 2 );
INSERT INTO UMS_WORLDCHAR( world_id, rank, metier ) VALUES( 4, 2, 2 );
INSERT INTO UMS_WORLDCHAR( world_id, rank, metier ) VALUES( 4, 0, 3 );
INSERT INTO UMS_WORLDCHAR( world_id, rank, metier ) VALUES( 4, 1, 3 );
INSERT INTO UMS_WORLDCHAR( world_id, rank, metier ) VALUES( 4, 2, 3 );
INSERT INTO UMS_WORLDCHAR( world_id, rank, metier ) VALUES( 4, 0, 4 );
INSERT INTO UMS_WORLDCHAR( world_id, rank, metier ) VALUES( 4, 1, 4 );
INSERT INTO UMS_WORLDCHAR( world_id, rank, metier ) VALUES( 4, 2, 4 );
INSERT INTO UMS_WORLDCHAR( world_id, rank, metier ) VALUES( 4, 0, 5 );
INSERT INTO UMS_WORLDCHAR( world_id, rank, metier ) VALUES( 4, 1, 5 );
INSERT INTO UMS_WORLDCHAR( world_id, rank, metier ) VALUES( 4, 2, 5 );
INSERT INTO UMS_WORLDCHAR( world_id, rank, metier ) VALUES( 4, 0, 6 );
INSERT INTO UMS_WORLDCHAR( world_id, rank, metier ) VALUES( 4, 1, 6 );
INSERT INTO UMS_WORLDCHAR( world_id, rank, metier ) VALUES( 4, 2, 6 );
INSERT INTO UMS_WORLDGLOBAL( war_serial, war_status ) VALUES( 1, 0 );
insert into UMS_ONLINENO( server_id ) values( 1 );
insert into UMS_ONLINENO( server_id ) values( 2 );
insert into UMS_ONLINENO( server_id ) values( 3 );
insert into UMS_ONLINENO( server_id ) values( 4 );
insert into UMS_ONLINENO( server_id ) values( 5 );
insert into UMS_ONLINENO( server_id ) values( 6 );
insert into UMS_ONLINENO( server_id ) values( 7 );
insert into UMS_ONLINENO( server_id ) values( 8 );
insert into UMS_ONLINENO( server_id ) values( 14 );
